,0,1
0,Building_Area_m,
1,Total R2,0.8822224574547483
2,Alpha,0.05
3,l1_ratio,0.1
4,Trials train test split 2/3-1/3,
5,Trial 1 R2: ,0.617402307679881
6,Trial 2 R2: ,0.6688813612122951
7,Trial 3 R2: ,0.804050396438743
8,Trial 4 R2: ,0.6650244525575315
9,Trial 5 R2: ,0.6417863065926496
10,Trial 6 R2: ,0.38010399267923867
11,Trial 7 R2: ,0.7727791275533406
12,Trial 8 R2: ,0.3601521105498411
13,Trial 9 R2: ,0.6966786183356337
14,Trial 10 R2: ,0.3474855604674366
15,Coefficients,
16,hog_sc8_fea002_sum,0.31634009797842605
17,hog_sc16_fea002_sum,0.2580217282974071
18,hog_sc16_fea003_sum,-0.23515382659584264
19,lsr_sc8_fea003_sum,-0.20848539972767108
20,pantex_sc64_fea001_sum,0.1709207454198113
21,pantex_sc32_fea001_sum,0.1465085305087714
22,hog_sc32_fea004_std,0.12971739339376706
23,pantex_sc16_fea001_sum,0.11477884917105342
24,hog_sc64_fea004_mean,-0.11116515021239183
25,lsr_sc8_fea001_sum,-0.10524699955593918
26,surf_sc8_fea002_sum,0.1002163400412537
27,surf_sc64_fea002_sum,0.0996894463886708
28,surf_sc16_fea002_sum,0.09948434031902087
29,surf_sc32_fea002_sum,0.09827502966729054
30,pantex_sc8_fea001_sum,0.09428478683866764
31,hog_pc1,-0.09222168504267797
32,hog_sc32_fea002_sum,0.08473028984268138
33,hog_sc16_fea004_std,0.08243305475813986
34,gabor_sc64_fea004_sum,-0.08043074773991439
35,gabor_sc64_fea016_std,-0.06708536553572227
36,gabor_sc64_fea010_sum,0.059718183565862566
37,hog_sc64_fea003_sum,-0.058082706128560604
38,gabor_sc8_fea005_sum,-0.056854016352268825
39,hog_sc32_fea003_std,0.05613431347491915
40,mean_sc64_fea001_std,-0.0527045897277287
41,lsr_sc16_fea002_sum,0.051679516304748555
42,gabor_sc16_fea005_sum,-0.04883970742549544
43,gabor_sc8_fea013_sum,-0.046076888547989754
44,gabor_sc32_fea005_sum,-0.0456748977843671
45,gabor_sc64_fea005_sum,-0.04477732272956785
46,gabor_sc32_fea010_sum,0.04456526805150407
47,gabor_sc64_fea018_sum,0.03626451033307782
48,gabor_sc64_fea012_sum,0.03614876097710616
49,hog_sc64_fea004_sum,-0.033948651077954244
50,gabor_sc8_fea015_sum,-0.03072499326716174
51,gabor_sc64_fea006_std,-0.02788967280640666
52,gabor_sc16_fea013_sum,-0.027501005397780914
53,hog_sc64_fea004_std,0.026363189656105106
54,hog_sc8_fea002_mean,-0.025431604932019052
55,gabor_sc32_fea012_sum,0.024182688343990916
56,gabor_sc64_fea002_sum,0.02339116786524875
57,hog_sc64_fea003_mean,-0.023089827696704188
58,gabor_sc32_fea018_sum,0.022539270923867805
59,gabor_sc16_fea015_sum,-0.021225254711819914
60,gabor_sc8_fea007_sum,-0.01956579893353151
61,lsr_sc32_fea002_sum,0.018631365446219898
62,gabor_sc32_fea013_sum,-0.017873580203790953
63,gabor_sc64_fea016_sum,0.017514945106333116
64,gabor_sc32_fea015_sum,-0.01687499124162207
65,gabor_sc64_fea015_sum,-0.01582088180833013
66,gabor_sc16_fea010_sum,0.014513853368431893
67,gabor_sc64_fea013_sum,-0.014291028340742527
68,gabor_sc16_fea017_std,0.013122572234970702
69,gabor_sc32_fea002_sum,0.012093802298673484
70,gabor_sc16_fea003_sum,-0.011985524145595944
71,gabor_sc64_fea003_sum,-0.011891281217654322
72,gabor_sc32_fea003_sum,-0.011535663424848701
73,lsr_sc64_fea002_sum,0.00984907821307727
74,gabor_sc8_fea003_sum,-0.009388060067875908
75,gabor_sc32_fea017_std,0.008846311249412563
76,ndvi_sc64_fea001_std,0.008142628621257702
77,gabor_sc32_fea004_std,-0.007959499234392601
78,hog_sc32_fea003_mean,-0.007768317961514048
79,hog_sc8_fea003_mean,-0.006996486667793913
80,gabor_sc32_fea001_std,0.00523311444335649
81,hog_sc64_fea001_sum,0.004930342055242374
82,gabor_sc64_fea002_std,-0.0037412909616867667
83,gabor_sc64_fea018_std,-0.0034181571696870437
84,gabor_sc16_fea007_sum,-0.0029990401970168374
85,hog_sc32_fea001_sum,0.002763130545716433
86,ndvi_sc64_fea001_sum,-0.0013304165029519126
87,mean_sc64_fea001_sum,-0.0003169229745660345
88,hog_sc16_fea001_sum,9.242308682367018e-05
89,mean_sc8_fea001_sum,-1.1561361739391959e-05
90,mean_sc32_fea001_sum,-6.245534066688467e-06
91,mean_sc16_fea001_sum,-1.6600422921856689e-06
92,,
93,Building_Count,
94,Total R2,0.7154363355994562
95,Alpha,0.03
96,l1_ratio,0.1
97,Trials train test split 2/3-1/3,
98,Trial 1 R2: ,0.2790204732892657
99,Trial 2 R2: ,0.10628098663051712
100,Trial 3 R2: ,0.23401791227256385
101,Trial 4 R2: ,0.4051008649841137
102,Trial 5 R2: ,0.536173901921604
103,Trial 6 R2: ,-0.010467883872057326
104,Trial 7 R2: ,0.3990827006124362
105,Trial 8 R2: ,0.40875384383354574
106,Trial 9 R2: ,0.4189454732374418
107,Trial 10 R2: ,0.33587799783110106
108,Coefficients,
109,hog_sc16_fea003_sum,-0.5759562474091561
110,gabor_sc64_fea004_sum,-0.5460984106406074
111,surf_sc32_fea002_sum,0.31724610829204936
112,surf_sc8_fea002_sum,0.31580616252331045
113,surf_sc16_fea002_sum,0.3153112344795499
114,surf_sc64_fea002_sum,0.31462379138537844
115,hog_sc64_fea002_sum,-0.20737418025286078
116,gabor_sc32_fea015_std,0.17936395194146326
117,lsr_sc8_fea003_sum,-0.17874184277523966
118,lbpm_sc64_fea004_std,0.1754432580160443
119,lsr_sc64_fea002_sum,0.16912462532323388
120,gabor_sc32_fea006_sum,0.15951840285698696
121,ndvi_sc64_fea001_std,-0.15285262769435293
122,gabor_sc64_fea008_sum,0.14689371771701368
123,lsr_sc16_fea002_sum,0.14076012621481088
124,gabor_sc64_fea017_std,-0.13011898135943503
125,gabor_sc64_fea006_sum,0.127207617104892
126,lsr_sc32_fea002_sum,0.12658733508777867
127,hog_sc32_fea002_sum,-0.12614741102896154
128,gabor_sc32_fea008_sum,0.12526324543090145
129,lsr_sc8_fea002_mean,-0.12400815620492986
130,gabor_sc64_fea014_sum,0.09629795114761276
131,gabor_sc64_fea001_std,-0.09485486863289982
132,gabor_sc16_fea008_sum,0.09021840527795373
133,gabor_sc64_fea003_std,-0.08862242285933926
134,ndvi_sc64_fea001_sum,-0.08694925655193413
135,gabor_sc64_fea001_sum,-0.08090767785813678
136,lsr_sc8_fea002_sum,0.08024695659766211
137,gabor_sc32_fea001_sum,-0.07938755669336454
138,lsr_sc64_fea002_mean,0.07749061345908492
139,ndvi_sc32_fea001_sum,-0.07549411105879891
140,gabor_sc32_fea014_sum,0.07517361852216925
141,gabor_sc64_fea017_sum,-0.07308985322900385
142,lsr_sc16_fea002_mean,0.0728248723630264
143,ndvi_sc16_fea001_sum,-0.07224829426275667
144,gabor_sc32_fea017_sum,-0.07187512867490586
145,ndvi_sc8_fea001_sum,-0.07141048977183083
146,gabor_sc16_fea001_sum,-0.07082680279032096
147,hog_sc16_fea002_sum,-0.07002637195228507
148,gabor_sc16_fea017_sum,-0.0641975893601213
149,gabor_sc64_fea012_sum,0.062030749367171636
150,gabor_sc8_fea008_sum,0.060269397816217374
151,gabor_sc8_fea001_sum,-0.05888772045225776
152,gabor_sc16_fea006_sum,0.057902026170000925
153,gabor_sc64_fea016_sum,0.05740287177663702
154,gabor_sc8_fea017_sum,-0.05602444719711331
155,gabor_sc32_fea012_sum,0.052332934452557225
156,gabor_sc64_fea015_std,-0.04884758576931352
157,lsr_sc32_fea001_std,0.04873953273897729
158,gabor_sc64_fea007_std,0.048434182325778175
159,gabor_sc32_fea016_sum,0.044567564475780655
160,pantex_sc16_fea001_sum,0.043633483601657044
161,hog_sc64_fea003_sum,0.04345259123691495
162,lsr_sc8_fea002_std,0.04060283359567008
163,gabor_sc16_fea014_sum,0.03811489885318232
164,pantex_sc8_fea001_sum,0.03724605569161821
165,hog_sc16_fea001_sum,-0.03662768646024123
166,gabor_sc16_fea012_sum,0.03586496618258384
167,gabor_sc64_fea010_sum,0.034402578221552904
168,lbpm_sc32_fea003_std,0.03281077883861349
169,hog_sc8_fea001_sum,-0.0324670039938199
170,mean_sc16_fea001_std,0.031786487526455486
171,hog_sc32_fea001_sum,-0.03031786742564327
172,gabor_sc32_fea010_sum,0.02826530828900904
173,gabor_sc32_fea003_sum,-0.02627014627589141
174,gabor_sc8_fea012_sum,0.0252877915741468
175,gabor_sc64_fea003_sum,-0.024589569984377665
176,gabor_sc16_fea003_sum,-0.023756227713168588
177,surf_sc8_fea001_std,0.021211707477948528
178,gabor_sc8_fea010_sum,0.020378153914548298
179,gabor_sc8_fea003_sum,-0.019680205436528563
180,hog_sc64_fea001_sum,-0.019533595441419468
181,mean_sc32_fea001_std,0.019018423847252414
182,gabor_sc16_fea010_sum,0.01870224246311476
183,pantex_sc32_fea001_sum,0.018104361761807495
184,gabor_sc16_fea016_sum,0.017646037017389305
185,gabor_sc8_fea013_sum,-0.01678798619859862
186,surf_sc16_fea001_std,0.015532619548830541
187,lsr_sc8_fea001_sum,-0.012343267512646165
188,mean_sc8_fea001_std,0.012204083462320547
189,hog_sc64_fea004_sum,0.008694428733811044
190,gabor_sc8_fea015_sum,-0.0065886507454714265
191,gabor_sc32_fea015_sum,-0.006247646209855883
192,hog_sc8_fea002_sum,-0.006237893586900681
193,gabor_sc8_fea006_sum,0.0057423841242441155
194,gabor_sc16_fea015_sum,-0.004856403768152877
195,surf_sc32_fea001_std,0.004828689109825808
196,gabor_sc64_fea015_sum,-0.004476675847258538
197,gabor_sc8_fea005_sum,-0.0035954887017152024
198,,
199,Building_Count_per_GN_nkm2,
200,Total R2,0.874266605295141
201,Alpha,0.01
202,l1_ratio,0.1
203,Trials train test split 2/3-1/3,
204,Trial 1 R2: ,0.6616689396453761
205,Trial 2 R2: ,0.6814579637632293
206,Trial 3 R2: ,0.5642206288609253
207,Trial 4 R2: ,0.657008722645512
208,Trial 5 R2: ,0.6528135621785485
209,Trial 6 R2: ,0.4701413690132259
210,Trial 7 R2: ,0.6131158651482318
211,Trial 8 R2: ,0.6388818125793203
212,Trial 9 R2: ,0.6752512445624548
213,Trial 10 R2: ,0.6838615657412977
214,Coefficients,
215,fourier_pc1,0.6295663437815836
216,fourier_sc32_fea001_mean,-0.5518609587188357
217,fourier_sc16_fea001_mean,-0.4512210173468302
218,lsr_sc16_fea002_mean,0.43645006301210965
219,gabor_sc64_fea007_mean,0.29675696959602077
220,gabor_sc16_fea005_mean,-0.28824925837443777
221,pantex_sc32_fea001_sum,-0.26956652694347794
222,gabor_sc8_fea008_mean,0.2690324096039578
223,gabor_sc32_fea007_mean,0.2625857637493107
224,gabor_sc8_fea009_mean,-0.24161765351031453
225,pantex_sc16_fea001_sum,-0.2159117913249165
226,lsr_sc8_fea001_sum,-0.20471492428851404
227,gabor_sc16_fea008_mean,0.20102939892093485
228,gabor_sc32_fea008_mean,0.19832570697632093
229,gabor_sc32_fea016_mean,0.19683318472639183
230,gabor_sc64_fea005_mean,-0.1738223068030803
231,lsr_sc64_fea001_std,0.17146500812779164
232,gabor_pc1,-0.16714739898602007
233,gabor_sc32_fea005_mean,-0.16272277953632963
234,lsr_sc32_fea002_std,-0.15878897576406503
235,gabor_sc32_fea010_mean,-0.14802751889638494
236,gabor_sc32_fea018_mean,0.14762718824312987
237,lsr_sc16_fea001_sum,-0.1444730481145722
238,lsr_sc8_fea002_mean,-0.1407088675241931
239,gabor_sc16_fea002_mean,0.13981797034267548
240,gabor_sc16_fea016_mean,0.13942600037040165
241,pantex_sc8_fea001_sum,-0.13839626968312924
242,lsr_sc8_fea003_sum,-0.13814051276486214
243,gabor_sc32_fea004_sum,0.1373509249219209
244,gabor_sc64_fea012_sum,0.13706688022780034
245,lsr_sc16_fea003_sum,-0.1271264464183656
246,lsr_sc32_fea003_mean,-0.1270024778315786
247,lsr_sc32_fea001_mean,-0.12406684010565713
248,gabor_sc64_fea014_sum,0.11514341870975528
249,gabor_sc16_fea018_mean,0.11491886505866306
250,ndvi_sc8_fea001_mean,-0.11080771648575265
251,gabor_sc8_fea006_mean,0.10437533100057977
252,lsr_pc1,0.10354309585438302
253,ndvi_sc16_fea001_mean,-0.10191468851881041
254,gabor_sc16_fea014_mean,-0.096717462390428
255,gabor_sc8_fea007_mean,-0.08625039458082646
256,ndvi_sc64_fea001_sum,0.08578865488337306
257,gabor_sc64_fea016_sum,-0.08054566101608718
258,ndvi_pc1,-0.08043840492873106
259,ndvi_sc32_fea001_sum,0.07779860504022804
260,gabor_sc16_fea006_sum,0.07732013600863713
261,surf_sc8_fea001_sum,0.07574798346321293
262,ndvi_sc16_fea001_sum,0.07545140347221588
263,ndvi_sc32_fea001_mean,-0.0749914377052504
264,surf_sc16_fea001_sum,0.07491654996007754
265,ndvi_pc2,0.07476923800188713
266,ndvi_sc8_fea001_sum,0.07417152916004247
267,surf_sc32_fea001_sum,0.07229964261114673
268,surf_sc64_fea001_mean,0.07151455718543898
269,gabor_sc16_fea010_mean,-0.06642367136862909
270,gabor_sc32_fea012_sum,0.06575983951939948
271,fourier_sc64_fea002_std,-0.0653645743019498
272,surf_sc64_fea001_sum,0.06411910756719666
273,gabor_sc64_fea008_mean,0.0622162891918084
274,gabor_sc32_fea016_sum,-0.06065538704819835
275,gabor_sc8_fea004_mean,0.0606486707916004
276,gabor_sc16_fea009_mean,-0.05614190837857291
277,gabor_sc32_fea014_sum,0.05538783059416993
278,lbpm_sc16_fea004_sum,0.053408756008662246
279,hog_sc8_fea004_sum,-0.053298480049534976
280,lsr_sc16_fea001_mean,0.05288394344250244
281,lsr_sc32_fea001_std,-0.05260732768899264
282,gabor_sc16_fea004_sum,0.04841922792994835
283,lsr_sc64_fea003_std,0.04618205823778997
284,lbpm_sc32_fea004_sum,0.04550362451311035
285,lsr_sc8_fea002_sum,-0.04406614718331893
286,lbpm_sc8_fea004_sum,0.03893279198322744
287,lsr_sc64_fea002_sum,0.0362197636280534
288,lbpm_sc64_fea004_sum,0.035462682280565185
289,gabor_sc32_fea010_sum,-0.033976871794344145
290,gabor_sc16_fea007_mean,0.03301074775578593
291,ndvi_sc64_fea001_mean,-0.03273624209286325
292,hog_sc8_fea003_sum,-0.030413219709713005
293,fourier_sc64_fea001_sum,0.029646176532691085
294,gabor_sc64_fea010_sum,-0.027440784880414716
295,gabor_sc64_fea015_sum,-0.025303575755249993
296,fourier_sc8_fea001_sum,0.023715823002121234
297,gabor_sc16_fea016_sum,-0.021076233993613018
298,gabor_sc16_fea010_sum,-0.020282269416283256
299,fourier_sc64_fea002_sum,0.01890203672983965
300,lsr_sc64_fea001_mean,-0.017382886804658073
301,gabor_sc32_fea015_sum,-0.01602740840858345
302,fourier_sc32_fea001_sum,0.015399788708165144
303,lsr_sc64_fea002_std,-0.014424196642777472
304,gabor_sc8_fea014_mean,-0.012308857757407282
305,surf_sc32_fea001_mean,0.008283467731767757
306,surf_pc1,0.007635986467529906
307,fourier_sc16_fea001_sum,0.006714846804065152
308,gabor_sc8_fea006_sum,0.0060936720035616645
309,gabor_sc64_fea017_sum,-0.004937581455699451
310,gabor_sc64_fea018_sum,-0.004409321510918517
311,gabor_sc32_fea017_sum,-0.0018901112625005713
312,lbpm_sc16_fea003_sum,0.0018092882825064866
313,gabor_sc16_fea006_mean,0.001639361970416026
314,,
315,Road_Density_mkm2,
316,Total R2,0.7057192637775196
317,Alpha,0.1
318,l1_ratio,0.5
319,Trials train test split 2/3-1/3,
320,Trial 1 R2: ,0.6340485233572452
321,Trial 2 R2: ,0.5892942241958659
322,Trial 3 R2: ,0.6286987190619888
323,Trial 4 R2: ,0.5701294720192224
324,Trial 5 R2: ,0.61257000407187
325,Trial 6 R2: ,0.6497032851501844
326,Trial 7 R2: ,0.636029273709753
327,Trial 8 R2: ,0.5878274720621485
328,Trial 9 R2: ,0.6838293250875214
329,Trial 10 R2: ,0.6368857418657679
330,Coefficients,
331,lsr_sc16_fea003_mean,0.17464041194959187
332,lsr_sc16_fea001_mean,0.1661742985527715
333,lsr_sc16_fea002_std,-0.1311793822296082
334,fourier_sc64_fea002_std,-0.09290304635330521
335,gabor_sc16_fea006_mean,0.09015433704418536
336,lsr_sc8_fea002_mean,0.07244661378216175
337,lsr_sc8_fea001_sum,-0.0679406742236834
338,fourier_pc1,0.06444743611074649
339,lbpm_sc8_fea003_mean,-0.05916723230533411
340,lsr_sc16_fea001_sum,-0.04423881219849816
341,lsr_sc16_fea003_sum,-0.036620172189843314
342,lbpm_sc64_fea002_mean,-0.0218400614305563
343,gabor_sc8_fea006_mean,0.018655872747165788
344,hog_sc16_fea001_std,-0.014679443275285451
345,lsr_sc8_fea002_sum,-0.014413396779788267
346,lsr_sc16_fea002_sum,-0.014144400293999958
347,ndvi_sc8_fea001_mean,-0.006839530018053399
348,surf_sc64_fea001_mean,0.0038292256757294974
349,ndvi_sc16_fea001_mean,-0.0024868313137640413
350,,
351,Road_Area_m2,
352,Total R2,0.9547667382861852
353,Alpha,0.001
354,l1_ratio,1.0
355,Trials train test split 2/3-1/3,
356,Trial 1 R2: ,0.8784480158307794
357,Trial 2 R2: ,0.8366157753955284
358,Trial 3 R2: ,0.8984963740850281
359,Trial 4 R2: ,0.8477665284622761
360,Trial 5 R2: ,0.8577886217342162
361,Trial 6 R2: ,0.6325836350146986
362,Trial 7 R2: ,0.8219062161699243
363,Trial 8 R2: ,0.8011509663452928
364,Trial 9 R2: ,0.8631735159740371
365,Trial 10 R2: ,0.8554219964648601
366,Coefficients,
367,gabor_sc32_fea010_sum,1.2528724277539687
368,gabor_sc64_fea015_sum,-1.217641298896755
369,lsr_sc32_fea002_sum,0.852720037179545
370,gabor_sc64_fea010_sum,0.6792239947357616
371,ndvi_sc64_fea001_sum,-0.6297773638248476
372,surf_sc32_fea002_sum,0.5360076512226817
373,gabor_sc8_fea018_sum,-0.5150521406600318
374,hog_sc16_fea002_sum,-0.33087064470645966
375,gabor_sc64_fea004_sum,-0.3122060253967752
376,gabor_sc32_fea006_sum,0.24191927177957082
377,gabor_sc32_fea015_sum,-0.20487366463335815
378,hog_sc32_fea003_sum,0.174632269440004
379,hog_sc64_fea003_sum,0.16995548527525123
380,lsr_sc8_fea001_sum,-0.1624001359731294
381,surf_sc64_fea002_mean,-0.16162026506264737
382,gabor_sc64_fea008_sum,0.13692033410387242
383,gabor_sc8_fea016_mean,0.12741411771802374
384,gabor_sc64_fea016_mean,-0.12552821901967162
385,fourier_sc8_fea001_mean,0.12413588860786041
386,gabor_sc32_fea008_mean,0.09553355045904509
387,gabor_sc64_fea010_mean,-0.08439872190162158
388,lsr_sc64_fea002_mean,-0.07927412592903407
389,lsr_sc16_fea002_mean,-0.05896374490590833
390,mean_sc16_fea001_std,-0.052998444869132466
391,lsr_sc8_fea003_sum,0.04447341938117217
392,hog_sc16_fea003_sum,0.04208789920830413
393,gabor_pc2,0.026937140012494643
394,hog_sc64_fea003_std,0.025298139146998223
395,mean_sc64_fea001_std,0.021588428135605093
396,lsr_sc32_fea003_std,-0.018435918015813915
397,fourier_sc64_fea002_std,-0.01360754849628727
398,gabor_sc8_fea010_mean,-0.013463780123754392
399,lsr_sc32_fea001_std,-0.011009958839557134
400,surf_sc8_fea001_std,0.00582651225156317
401,fourier_sc64_fea002_sum,0.002258667027113
402,lsr_sc8_fea002_mean,0.0015670512803222041
403,,
404,Built_Up_Area_m2,
405,Total R2,0.9651807555160303
406,Alpha,0.01
407,l1_ratio,0.1
408,Trials train test split 2/3-1/3,
409,Trial 1 R2: ,0.835042623332597
410,Trial 2 R2: ,0.7979268989567707
411,Trial 3 R2: ,0.8501420617762617
412,Trial 4 R2: ,0.9059795871746011
413,Trial 5 R2: ,0.8184434594681922
414,Trial 6 R2: ,0.7384877902425883
415,Trial 7 R2: ,0.7690861709660713
416,Trial 8 R2: ,0.8953971686386817
417,Trial 9 R2: ,0.7328031159315915
418,Trial 10 R2: ,0.870258621657632
419,Coefficients,
420,gabor_sc64_fea004_sum,-0.24998496001312595
421,lsr_sc32_fea002_sum,0.20389607981448865
422,hog_sc16_fea003_sum,-0.2035278265366501
423,lsr_sc64_fea002_sum,0.1984768778211122
424,lsr_sc16_fea002_sum,0.18993887794816788
425,lsr_sc8_fea001_sum,-0.16465520320294635
426,surf_sc8_fea002_sum,0.16452845745329472
427,surf_sc16_fea002_sum,0.163738920266284
428,surf_sc64_fea002_sum,0.16346343097187538
429,gabor_sc64_fea010_sum,0.16025380335558476
430,surf_sc32_fea002_sum,0.1579865519701891
431,gabor_sc32_fea010_sum,0.14856151142481594
432,hog_sc8_fea002_sum,0.1472629505272593
433,hog_sc64_fea004_mean,-0.12828901727024816
434,ndvi_sc64_fea001_sum,-0.12378980815167942
435,gabor_sc64_fea008_sum,0.11565684269485355
436,ndvi_sc32_fea001_sum,-0.1112285975391755
437,ndvi_sc16_fea001_sum,-0.10934371198200604
438,ndvi_sc8_fea001_sum,-0.10843335849822242
439,gabor_sc32_fea008_sum,0.10110774074420394
440,gabor_sc16_fea010_sum,0.09886181816196339
441,hog_sc16_fea002_sum,0.0985568488709606
442,hog_sc32_fea004_std,0.09647632640591731
443,lsr_sc8_fea003_sum,-0.09628767571245106
444,pantex_sc32_fea001_sum,0.08820034092538218
445,pantex_sc64_fea001_sum,0.0865494553680045
446,gabor_sc64_fea016_std,-0.08652853001266218
447,gabor_sc8_fea013_sum,-0.08495168022009392
448,gabor_sc64_fea018_sum,0.07568487450376125
449,gabor_sc16_fea013_sum,-0.07543479238403315
450,gabor_sc8_fea005_sum,-0.07523988784820487
451,gabor_sc64_fea013_sum,-0.07364861936621575
452,gabor_sc32_fea013_sum,-0.07059121246606954
453,gabor_sc64_fea002_sum,0.06967257981893893
454,gabor_sc64_fea015_sum,-0.06966088854155413
455,gabor_sc32_fea015_sum,-0.0670944539804435
456,hog_sc16_fea004_std,0.06676817203003985
457,hog_sc32_fea003_std,0.06645711659801545
458,gabor_sc64_fea017_std,-0.06471461420781162
459,gabor_sc32_fea018_sum,0.06449003229078501
460,gabor_sc16_fea015_sum,-0.06331066306530996
461,pantex_sc16_fea001_sum,0.061196552370995944
462,gabor_sc32_fea002_sum,0.060763576354719975
463,gabor_sc8_fea015_sum,-0.06055624081078969
464,hog_sc32_fea003_sum,0.060157970891028346
465,gabor_sc16_fea005_sum,-0.05908566988021002
466,gabor_sc32_fea012_sum,0.05833865722485727
467,gabor_sc64_fea012_sum,0.05307283683311828
468,gabor_sc16_fea008_sum,0.05280838736452149
469,gabor_sc8_fea010_sum,0.052277754700863675
470,gabor_sc32_fea005_sum,-0.05152481005004558
471,gabor_sc64_fea005_sum,-0.05075449085433234
472,hog_sc32_fea004_sum,0.047018661103056344
473,hog_sc64_fea003_sum,0.044848903220247975
474,lsr_sc32_fea003_mean,0.04298052060349191
475,surf_sc64_fea002_mean,-0.042331351728347816
476,surf_sc8_fea002_mean,-0.04212907105792236
477,gabor_sc64_fea017_sum,-0.04198942340054426
478,surf_sc16_fea002_mean,-0.041567584998712125
479,hog_sc8_fea004_sum,0.040238600684851134
480,gabor_sc64_fea001_sum,-0.04004417484802225
481,surf_sc32_fea002_mean,-0.0400393123134569
482,hog_sc16_fea004_sum,0.039905632811543114
483,gabor_sc64_fea003_sum,-0.03732811435277179
484,gabor_sc32_fea017_sum,-0.037004709792803646
485,gabor_sc8_fea017_sum,-0.036676248732746344
486,gabor_sc8_fea003_sum,-0.0354441732007114
487,gabor_sc16_fea003_sum,-0.03539688723518832
488,gabor_sc32_fea003_sum,-0.03529050294497624
489,gabor_sc64_fea006_std,0.03498154125213189
490,hog_sc8_fea003_sum,0.03486262896239436
491,gabor_sc32_fea001_sum,-0.034462386317477785
492,gabor_sc16_fea012_sum,0.03429726584261163
493,gabor_sc16_fea017_sum,-0.03361533568743834
494,lsr_sc64_fea003_mean,0.03291483512964965
495,gabor_sc16_fea001_sum,-0.03202725153467768
496,gabor_sc8_fea001_sum,-0.03193936761072866
497,hog_sc64_fea002_sum,-0.03108085687432949
498,pantex_sc8_fea001_sum,0.028520898888783428
499,lsr_pc1,-0.028155297029908554
500,gabor_sc32_fea016_sum,0.026932037033912518
501,hog_sc16_fea003_std,-0.02630182081305366
502,gabor_sc64_fea016_sum,0.02291010881238563
503,mean_sc8_fea001_std,-0.01846185493342523
504,hog_sc64_fea003_std,-0.01591926462133722
505,gabor_sc16_fea018_sum,0.015393262900711042
506,hog_sc16_fea004_mean,0.014279589220777805
507,gabor_sc8_fea012_sum,0.014121934569804644
508,gabor_sc16_fea002_sum,0.012538942156514377
509,hog_sc16_fea003_mean,-0.0118520347583067
510,gabor_sc8_fea008_sum,0.010074076670557224
511,lsr_sc8_fea002_mean,0.010007055021880871
512,lsr_sc16_fea001_mean,-0.009290627426669137
513,lsr_sc32_fea001_std,0.009205712278888766
514,gabor_sc32_fea015_std,0.008921152642002604
515,gabor_sc64_fea011_sum,-0.008899197591703312
516,pantex_pc2,0.008355594416280174
517,lsr_sc32_fea002_mean,0.005071577176412532
518,gabor_sc64_fea001_std,-0.004325054528390048
519,lsr_sc32_fea003_std,0.0042489122624932395
520,fourier_sc64_fea002_std,0.0029086643434292174
521,lsr_sc64_fea001_mean,0.002576059872970072
522,gabor_sc32_fea011_sum,-0.002536573100638536
523,,
524,Built_Up_Percent_of_GN,
525,Total R2,0.933795141801855
526,Alpha,0.001
527,l1_ratio,0.9
528,Trials train test split 2/3-1/3,
529,Trial 1 R2: ,0.7721451238126515
530,Trial 2 R2: ,0.6854780808416252
531,Trial 3 R2: ,0.6631231154469561
532,Trial 4 R2: ,0.740070460165341
533,Trial 5 R2: ,0.7936361287907077
534,Trial 6 R2: ,0.7799279619121728
535,Trial 7 R2: ,0.7576620113778134
536,Trial 8 R2: ,0.4889069300711616
537,Trial 9 R2: ,0.7296858512385767
538,Trial 10 R2: ,0.6842144234507613
539,Coefficients,
540,gabor_sc32_fea007_mean,1.5956919688734685
541,fourier_pc1,0.8922795420726295
542,pantex_sc16_fea001_mean,-0.8199410757079781
543,gabor_sc64_fea015_mean,-0.7697374711103552
544,gabor_sc64_fea009_mean,-0.6157012794113079
545,gabor_sc32_fea004_mean,0.5917845211812833
546,fourier_sc8_fea001_mean,-0.5536635836810694
547,lsr_sc16_fea001_sum,-0.4417164291676148
548,gabor_sc8_fea005_mean,-0.41759767533714204
549,hog_sc8_fea003_sum,0.39425640055494904
550,fourier_sc32_fea001_mean,-0.3601803797474361
551,ndvi_sc8_fea001_mean,-0.3383635812009034
552,lsr_pc1,-0.2913502197029111
553,lsr_sc32_fea001_mean,0.2843075928142913
554,gabor_sc16_fea018_mean,0.27955607114705877
555,gabor_sc64_fea010_mean,-0.24986423734587132
556,lsr_sc16_fea003_sum,-0.2447048275579
557,gabor_sc16_fea005_mean,-0.23638381148393064
558,surf_sc32_fea002_mean,-0.23602422954580446
559,ndvi_pc2,0.23161021357210923
560,gabor_sc8_fea014_mean,0.21583224451149505
561,gabor_sc16_fea012_mean,0.20326619162644197
562,gabor_sc8_fea008_mean,0.18248651778107264
563,gabor_sc64_fea014_mean,0.17601994627229245
564,gabor_sc32_fea008_mean,0.17485814061542723
565,gabor_sc16_fea007_mean,0.17126358859324545
566,surf_sc8_fea001_mean,0.17012456731766026
567,gabor_sc16_fea004_mean,0.16222428188641394
568,lsr_sc64_fea001_std,0.150784333468385
569,lsr_sc64_fea002_sum,0.1473586981091808
570,lsr_sc16_fea003_mean,0.14647334323031394
571,lbpm_sc32_fea002_sum,-0.1395860084680056
572,ndvi_sc16_fea001_mean,-0.13832982760825915
573,lsr_sc32_fea002_std,0.12956712988808702
574,lsr_sc16_fea002_mean,0.12676867126206823
575,lsr_sc64_fea002_std,-0.1108490202540063
576,gabor_sc32_fea006_mean,-0.08713169690424494
577,ndvi_sc16_fea001_sum,0.08100159102252738
578,ndvi_sc8_fea001_sum,0.08058945813815518
579,lbpm_sc16_fea002_sum,-0.07098272933590753
580,gabor_sc8_fea018_mean,0.07097466978050343
581,gabor_sc16_fea002_mean,0.06895828323941648
582,gabor_sc32_fea001_mean,-0.050338376082272686
583,fourier_sc16_fea001_mean,-0.049132066402659415
584,ndvi_sc32_fea001_sum,0.046554659995854515
585,lsr_sc16_fea001_std,-0.03929904343287284
586,gabor_sc32_fea012_mean,0.03747081996528934
587,gabor_sc64_fea018_sum,0.030503853357354588
588,surf_sc16_fea001_mean,0.02360035176536649
589,fourier_sc32_fea002_std,0.0175801776528017
590,lsr_sc8_fea002_mean,-0.014138989563424641
591,surf_sc32_fea001_mean,0.010189002461559495
592,fourier_sc64_fea001_std,-0.009303023638304642
593,fourier_sc64_fea002_std,0.008926442650365896
594,lsr_sc8_fea001_sum,-0.00368667797612271
595,,
596,Road_Length_m,
597,Total R2,0.9486510179500277
598,Alpha,0.001
599,l1_ratio,0.99
600,Trials train test split 2/3-1/3,
601,Trial 1 R2: ,0.7083152297717201
602,Trial 2 R2: ,0.8192822110695381
603,Trial 3 R2: ,0.744234480529491
604,Trial 4 R2: ,0.799485692123855
605,Trial 5 R2: ,0.8256808494231753
606,Trial 6 R2: ,0.8872397291221571
607,Trial 7 R2: ,0.8923033483099603
608,Trial 8 R2: ,0.7750806693342501
609,Trial 9 R2: ,0.8569206020490658
610,Trial 10 R2: ,0.8026273759948316
611,Coefficients,
612,gabor_sc32_fea010_sum,1.9251923393309784
613,gabor_sc64_fea015_sum,-1.2464198067133645
614,lsr_sc32_fea002_sum,0.8665829470153205
615,ndvi_sc64_fea001_sum,-0.7816652784020295
616,hog_sc64_fea003_sum,0.42656380772830255
617,gabor_sc8_fea018_sum,-0.4254976543255863
618,hog_sc16_fea002_sum,-0.414738616601384
619,surf_sc32_fea002_sum,0.3873964167352777
620,surf_sc64_fea002_mean,-0.26874386690180324
621,gabor_sc32_fea006_sum,0.257183965333717
622,lbpm_sc16_fea002_sum,-0.24237138344243517
623,gabor_sc64_fea004_sum,-0.2279066322008333
624,hog_sc16_fea003_sum,0.16462411654521436
625,gabor_sc64_fea008_sum,0.15973707636709578
626,surf_sc64_fea001_mean,0.15919020522646105
627,lsr_sc8_fea001_sum,-0.125929032591774
628,gabor_sc32_fea015_sum,-0.1232317229205952
629,gabor_sc8_fea016_mean,0.11133775069530265
630,fourier_sc64_fea001_mean,-0.10375543232914922
631,lsr_sc64_fea002_mean,-0.10317223509890042
632,gabor_sc64_fea016_mean,-0.10250259874342563
633,gabor_sc32_fea008_mean,0.0916930168097156
634,fourier_sc8_fea001_mean,0.07399887299706068
635,lsr_sc8_fea002_sum,0.0702698465919945
636,pantex_sc8_fea001_sum,0.06884568638707192
637,mean_sc16_fea001_std,-0.059634212210338995
638,lsr_sc16_fea002_mean,-0.055858434548859345
639,lsr_sc16_fea001_std,-0.047897145319516235
640,fourier_sc64_fea002_std,-0.042497660914857904
641,surf_sc64_fea001_sum,0.03572863254875366
642,hog_sc8_fea002_sum,-0.03054395762443354
643,hog_pc2,-0.03034427875658336
644,mean_sc64_fea001_std,0.022978320150564717
645,gabor_sc16_fea010_mean,-0.01642732988104103
646,surf_sc8_fea001_std,0.012675240757315144
647,lsr_sc8_fea002_mean,0.00275815228404933
648,,
